country	year	percent
4chan	Jan	0.0571665285833
4chan	Feb	0.0488815244408
4chan	Mar	0.0588235294118
4chan	Apr	0.0878210439105
4chan	May	0.0538525269263
4chan	Jun	0.0679370339685
4chan	Jul	0.11101905551
4chan	Aug	0.096106048053
4chan	Sept	0.107705053853
4chan	Oct	0.104391052196
4chan	Nov	0.113504556752
4chan	Dec	0.092792046396
AdviceAnimals	Jan	0.0754525116941
AdviceAnimals	Feb	0.0731475832147
AdviceAnimals	Mar	0.0829774252593
AdviceAnimals	Apr	0.0884685784015
AdviceAnimals	May	0.0802657446953
AdviceAnimals	Jun	0.0732831672429
AdviceAnimals	Jul	0.07802860823
AdviceAnimals	Aug	0.0848756016541
AdviceAnimals	Sept	0.0825706731747
AdviceAnimals	Oct	0.0900277947258
AdviceAnimals	Nov	0.0959934919666
AdviceAnimals	Dec	0.094908819741
Android	Jan	0.0523255813953
Android	Feb	0.0348837209302
Android	Mar	0.0523255813953
Android	Apr	0.0552325581395
Android	May	0.0872093023256
Android	Jun	0.0494186046512
Android	Jul	0.078488372093
Android	Aug	0.107558139535
Android	Sept	0.0959302325581
Android	Oct	0.151162790698
Android	Nov	0.119186046512
Android	Dec	0.116279069767
AnimalsBeingJerks	Jan	0.0322580645161
AnimalsBeingJerks	Feb	0.0322580645161
AnimalsBeingJerks	Mar	0.0322580645161
AnimalsBeingJerks	Apr	0.161290322581
AnimalsBeingJerks	May	0.0322580645161
AnimalsBeingJerks	Jun	0.0645161290323
AnimalsBeingJerks	Jul	0.0322580645161
AnimalsBeingJerks	Aug	0.0967741935484
AnimalsBeingJerks	Sept	0.0967741935484
AnimalsBeingJerks	Oct	0.161290322581
AnimalsBeingJerks	Nov	0.0645161290323
AnimalsBeingJerks	Dec	0.193548387097
AskHistorians	Jan	0.057761732852
AskHistorians	Feb	0.0613718411552
AskHistorians	Mar	0.126353790614
AskHistorians	Apr	0.0649819494585
AskHistorians	May	0.0685920577617
AskHistorians	Jun	0.0541516245487
AskHistorians	Jul	0.0649819494585
AskHistorians	Aug	0.0902527075812
AskHistorians	Sept	0.0685920577617
AskHistorians	Oct	0.115523465704
AskHistorians	Nov	0.108303249097
AskHistorians	Dec	0.119133574007
AskMen	Jan	0.0836120401338
AskMen	Feb	0.0735785953177
AskMen	Mar	0.0535117056856
AskMen	Apr	0.0702341137124
AskMen	May	0.0903010033445
AskMen	Jun	0.0602006688963
AskMen	Jul	0.0802675585284
AskMen	Aug	0.056856187291
AskMen	Sept	0.130434782609
AskMen	Oct	0.0936454849498
AskMen	Nov	0.107023411371
AskMen	Dec	0.100334448161
AskReddit	Jan	0.0747664841231
AskReddit	Feb	0.0669467385064
AskReddit	Mar	0.0772368944045
AskReddit	Apr	0.079017245948
AskReddit	May	0.0826828379632
AskReddit	Jun	0.0829367795787
AskReddit	Jul	0.089420571479
AskReddit	Aug	0.0874221613744
AskReddit	Sept	0.0816339486817
AskReddit	Oct	0.0883910038422
AskReddit	Nov	0.0925617188535
AskReddit	Dec	0.0969836152453
AskWomen	Jan	0.0514705882353
AskWomen	Feb	0.0220588235294
AskWomen	Mar	0.0514705882353
AskWomen	Apr	0.132352941176
AskWomen	May	0.102941176471
AskWomen	Jun	0.0367647058824
AskWomen	Jul	0.213235294118
AskWomen	Aug	0.0441176470588
AskWomen	Sept	0.132352941176
AskWomen	Oct	0.0882352941176
AskWomen	Nov	0.0661764705882
AskWomen	Dec	0.0588235294118
Bestof2011	Jan	0.988505747126
Bestof2011	Feb	0.0114942528736
Bitcoin	Feb	0.3
Bitcoin	Mar	0.1
Bitcoin	Apr	0.133333333333
Bitcoin	May	0.0666666666667
Bitcoin	Jun	0.0666666666667
Bitcoin	Aug	0.0333333333333
Bitcoin	Nov	0.0666666666667
Bitcoin	Dec	0.233333333333
BlackPeopleTwitter	Jan	0.0259481037924
BlackPeopleTwitter	Feb	0.0299401197605
BlackPeopleTwitter	Mar	0.0479041916168
BlackPeopleTwitter	Apr	0.062874251497
BlackPeopleTwitter	May	0.0578842315369
BlackPeopleTwitter	Jun	0.0658682634731
BlackPeopleTwitter	Jul	0.110778443114
BlackPeopleTwitter	Aug	0.0878243512974
BlackPeopleTwitter	Sept	0.0958083832335
BlackPeopleTwitter	Oct	0.134730538922
BlackPeopleTwitter	Nov	0.10878243513
BlackPeopleTwitter	Dec	0.171656686627
Blackout2015	Jul	1.0
CFB	Jan	0.200617283951
CFB	Feb	0.00925925925926
CFB	Mar	0.00308641975309
CFB	Apr	0.00308641975309
CFB	May	0.00308641975309
CFB	Jun	0.00617283950617
CFB	Jul	0.0154320987654
CFB	Aug	0.0308641975309
CFB	Sept	0.12037037037
CFB	Oct	0.194444444444
CFB	Nov	0.222222222222
CFB	Dec	0.191358024691
CasualConversation	Jan	0.0566037735849
CasualConversation	Mar	0.0188679245283
CasualConversation	Apr	0.0188679245283
CasualConversation	May	0.0943396226415
CasualConversation	Jul	0.207547169811
CasualConversation	Sept	0.0188679245283
CasualConversation	Nov	0.264150943396
CasualConversation	Dec	0.320754716981
CrappyDesign	Feb	0.0307692307692
CrappyDesign	Mar	0.107692307692
CrappyDesign	Apr	0.0538461538462
CrappyDesign	May	0.0230769230769
CrappyDesign	Jun	0.0615384615385
CrappyDesign	Jul	0.0769230769231
CrappyDesign	Aug	0.0769230769231
CrappyDesign	Sept	0.107692307692
CrappyDesign	Oct	0.138461538462
CrappyDesign	Nov	0.130769230769
CrappyDesign	Dec	0.192307692308
CrazyIdeas	Jan	0.0588235294118
CrazyIdeas	Feb	0.078431372549
CrazyIdeas	Mar	0.117647058824
CrazyIdeas	Apr	0.078431372549
CrazyIdeas	May	0.117647058824
CrazyIdeas	Jun	0.0392156862745
CrazyIdeas	Jul	0.0588235294118
CrazyIdeas	Aug	0.078431372549
CrazyIdeas	Sept	0.078431372549
CrazyIdeas	Oct	0.0392156862745
CrazyIdeas	Nov	0.137254901961
CrazyIdeas	Dec	0.117647058824
CringeAnarchy	Oct	0.0967741935484
CringeAnarchy	Nov	0.387096774194
CringeAnarchy	Dec	0.516129032258
DIY	Jan	0.0121212121212
DIY	Feb	0.0424242424242
DIY	Mar	0.0848484848485
DIY	Apr	0.0424242424242
DIY	May	0.0909090909091
DIY	Jun	0.0909090909091
DIY	Jul	0.0909090909091
DIY	Aug	0.0787878787879
DIY	Sept	0.151515151515
DIY	Oct	0.0909090909091
DIY	Nov	0.0484848484848
DIY	Dec	0.175757575758
DestinyTheGame	Jan	0.0532544378698
DestinyTheGame	Feb	0.0295857988166
DestinyTheGame	Mar	0.00591715976331
DestinyTheGame	Apr	0.0295857988166
DestinyTheGame	May	0.0236686390533
DestinyTheGame	Jun	0.100591715976
DestinyTheGame	Jul	0.0355029585799
DestinyTheGame	Aug	0.153846153846
DestinyTheGame	Sept	0.207100591716
DestinyTheGame	Oct	0.236686390533
DestinyTheGame	Nov	0.0650887573964
DestinyTheGame	Dec	0.0591715976331
DnD	Jan	0.0217391304348
DnD	Mar	0.108695652174
DnD	Jul	0.0434782608696
DnD	Sept	0.0652173913043
DnD	Oct	0.0652173913043
DnD	Nov	0.282608695652
DnD	Dec	0.413043478261
DotA2	Jan	0.0278330019881
DotA2	Feb	0.0397614314115
DotA2	Mar	0.0457256461233
DotA2	Apr	0.0795228628231
DotA2	May	0.0675944333996
DotA2	Jun	0.0894632206759
DotA2	Jul	0.0675944333996
DotA2	Aug	0.155069582505
DotA2	Sept	0.107355864811
DotA2	Oct	0.0815109343936
DotA2	Nov	0.121272365805
DotA2	Dec	0.117296222664
EarthPorn	Jan	0.243243243243
EarthPorn	Feb	0.027027027027
EarthPorn	Mar	0.0540540540541
EarthPorn	Apr	0.027027027027
EarthPorn	May	0.0810810810811
EarthPorn	Jun	0.108108108108
EarthPorn	Jul	0.0810810810811
EarthPorn	Aug	0.135135135135
EarthPorn	Sept	0.0540540540541
EarthPorn	Oct	0.027027027027
EarthPorn	Nov	0.0810810810811
EarthPorn	Dec	0.0810810810811
Fallout	Jan	0.0025
Fallout	Feb	0.0125
Fallout	Mar	0.0025
Fallout	Apr	0.01
Fallout	May	0.02
Fallout	Jun	0.305
Fallout	Jul	0.065
Fallout	Aug	0.0375
Fallout	Sept	0.0425
Fallout	Oct	0.08
Fallout	Nov	0.2925
Fallout	Dec	0.13
Fitness	Jan	0.0584795321637
Fitness	Feb	0.0608187134503
Fitness	Mar	0.0970760233918
Fitness	Apr	0.106432748538
Fitness	May	0.0842105263158
Fitness	Jun	0.0690058479532
Fitness	Jul	0.106432748538
Fitness	Aug	0.072514619883
Fitness	Sept	0.093567251462
Fitness	Oct	0.114619883041
Fitness	Nov	0.0608187134503
Fitness	Dec	0.0760233918129
FlashTV	Feb	0.0392156862745
FlashTV	Mar	0.0588235294118
FlashTV	Apr	0.0392156862745
FlashTV	May	0.156862745098
FlashTV	Oct	0.21568627451
FlashTV	Nov	0.196078431373
FlashTV	Dec	0.294117647059
Frugal	Jan	0.253968253968
Frugal	Feb	0.015873015873
Frugal	Mar	0.0634920634921
Frugal	Apr	0.0634920634921
Frugal	May	0.0952380952381
Frugal	Jun	0.015873015873
Frugal	Jul	0.15873015873
Frugal	Oct	0.111111111111
Frugal	Nov	0.142857142857
Frugal	Dec	0.0793650793651
Futurology	Jan	0.0147058823529
Futurology	Feb	0.0245098039216
Futurology	Mar	0.0637254901961
Futurology	Apr	0.0637254901961
Futurology	May	0.093137254902
Futurology	Jun	0.078431372549
Futurology	Jul	0.0686274509804
Futurology	Aug	0.0833333333333
Futurology	Sept	0.132352941176
Futurology	Oct	0.132352941176
Futurology	Nov	0.107843137255
Futurology	Dec	0.137254901961
Games	Jan	0.059891107078
Games	Feb	0.0698729582577
Games	Mar	0.0907441016334
Games	Apr	0.0716878402904
Games	May	0.0862068965517
Games	Jun	0.144283121597
Games	Jul	0.057168784029
Games	Aug	0.0762250453721
Games	Sept	0.0671506352087
Games	Oct	0.0825771324864
Games	Nov	0.100725952813
Games	Dec	0.0934664246824
GetMotivated	Jan	0.0449438202247
GetMotivated	Feb	0.157303370787
GetMotivated	Mar	0.101123595506
GetMotivated	Apr	0.0561797752809
GetMotivated	May	0.0337078651685
GetMotivated	Jun	0.0674157303371
GetMotivated	Jul	0.0561797752809
GetMotivated	Aug	0.0674157303371
GetMotivated	Sept	0.112359550562
GetMotivated	Oct	0.0337078651685
GetMotivated	Nov	0.101123595506
GetMotivated	Dec	0.168539325843
GifTournament	Jun	0.813559322034
GifTournament	Jul	0.152542372881
GifTournament	Aug	0.0338983050847
GlobalOffensive	Jan	0.0236486486486
GlobalOffensive	Feb	0.0236486486486
GlobalOffensive	Mar	0.0456081081081
GlobalOffensive	Apr	0.0456081081081
GlobalOffensive	May	0.0591216216216
GlobalOffensive	Jun	0.0658783783784
GlobalOffensive	Jul	0.0912162162162
GlobalOffensive	Aug	0.089527027027
GlobalOffensive	Sept	0.0912162162162
GlobalOffensive	Oct	0.113175675676
GlobalOffensive	Nov	0.141891891892
GlobalOffensive	Dec	0.209459459459
HIMYM	Jan	0.0555555555556
HIMYM	Feb	0.0555555555556
HIMYM	Mar	0.0925925925926
HIMYM	Apr	0.740740740741
HIMYM	May	0.037037037037
HIMYM	Sept	0.0185185185185
HistoryPorn	Jan	0.0568181818182
HistoryPorn	Feb	0.0454545454545
HistoryPorn	Mar	0.147727272727
HistoryPorn	Apr	0.0795454545455
HistoryPorn	May	0.0454545454545
HistoryPorn	Jun	0.0681818181818
HistoryPorn	Jul	0.0454545454545
HistoryPorn	Aug	0.0909090909091
HistoryPorn	Sept	0.113636363636
HistoryPorn	Oct	0.0795454545455
HistoryPorn	Nov	0.0681818181818
HistoryPorn	Dec	0.159090909091
IAmA	Jan	0.10043641281
IAmA	Feb	0.0870674288524
IAmA	Mar	0.0734218452271
IAmA	Apr	0.0925379556211
IAmA	May	0.0731759788555
IAmA	Jun	0.085346364251
IAmA	Jul	0.0785235724384
IAmA	Aug	0.0860532300695
IAmA	Sept	0.0778781732129
IAmA	Oct	0.0925686889176
IAmA	Nov	0.0802753703362
IAmA	Dec	0.0727149794087
ImGoingToHellForThis	Jan	0.0509554140127
ImGoingToHellForThis	Feb	0.0477707006369
ImGoingToHellForThis	Mar	0.0445859872611
ImGoingToHellForThis	Apr	0.0445859872611
ImGoingToHellForThis	May	0.0764331210191
ImGoingToHellForThis	Jun	0.0350318471338
ImGoingToHellForThis	Jul	0.111464968153
ImGoingToHellForThis	Aug	0.0828025477707
ImGoingToHellForThis	Sept	0.0859872611465
ImGoingToHellForThis	Oct	0.124203821656
ImGoingToHellForThis	Nov	0.156050955414
ImGoingToHellForThis	Dec	0.140127388535
InternetIsBeautiful	Jan	0.121621621622
InternetIsBeautiful	Feb	0.0135135135135
InternetIsBeautiful	Mar	0.0135135135135
InternetIsBeautiful	Apr	0.121621621622
InternetIsBeautiful	May	0.0675675675676
InternetIsBeautiful	Jun	0.0675675675676
InternetIsBeautiful	Jul	0.0945945945946
InternetIsBeautiful	Aug	0.0675675675676
InternetIsBeautiful	Sept	0.175675675676
InternetIsBeautiful	Oct	0.0135135135135
InternetIsBeautiful	Nov	0.0540540540541
InternetIsBeautiful	Dec	0.189189189189
Jokes	Jan	0.0505226480836
Jokes	Feb	0.0531358885017
Jokes	Mar	0.051393728223
Jokes	Apr	0.0479094076655
Jokes	May	0.0801393728223
Jokes	Jun	0.0722996515679
Jokes	Jul	0.0984320557491
Jokes	Aug	0.101916376307
Jokes	Sept	0.103658536585
Jokes	Oct	0.0940766550523
Jokes	Nov	0.106271777003
Jokes	Dec	0.140243902439
JusticePorn	Jan	0.0881502890173
JusticePorn	Feb	0.0780346820809
JusticePorn	Mar	0.0520231213873
JusticePorn	Apr	0.099710982659
JusticePorn	May	0.0650289017341
JusticePorn	Jun	0.0809248554913
JusticePorn	Jul	0.0852601156069
JusticePorn	Aug	0.0433526011561
JusticePorn	Sept	0.0809248554913
JusticePorn	Oct	0.101156069364
JusticePorn	Nov	0.134393063584
JusticePorn	Dec	0.0910404624277
KotakuInAction	Feb	0.0215053763441
KotakuInAction	Mar	0.010752688172
KotakuInAction	Apr	0.010752688172
KotakuInAction	May	0.0430107526882
KotakuInAction	Jun	0.41935483871
KotakuInAction	Jul	0.204301075269
KotakuInAction	Aug	0.0215053763441
KotakuInAction	Sept	0.0537634408602
KotakuInAction	Oct	0.139784946237
KotakuInAction	Nov	0.0752688172043
LifeProTips	Jan	0.0431795878312
LifeProTips	Feb	0.0549558390579
LifeProTips	Mar	0.0598626104024
LifeProTips	Apr	0.0696761530913
LifeProTips	May	0.0863591756624
LifeProTips	Jun	0.0785083415113
LifeProTips	Jul	0.0912659470069
LifeProTips	Aug	0.101079489696
LifeProTips	Sept	0.0951913640824
LifeProTips	Oct	0.0618253189401
LifeProTips	Nov	0.119725220805
LifeProTips	Dec	0.138370951914
MMA	Jan	0.00970873786408
MMA	Feb	0.0388349514563
MMA	Mar	0.0388349514563
MMA	Apr	0.0388349514563
MMA	May	0.0194174757282
MMA	Jun	0.0194174757282
MMA	Jul	0.0873786407767
MMA	Aug	0.0873786407767
MMA	Sept	0.00970873786408
MMA	Oct	0.0485436893204
MMA	Nov	0.349514563107
MMA	Dec	0.252427184466
MURICA	Jan	0.025974025974
MURICA	Feb	0.0519480519481
MURICA	Apr	0.025974025974
MURICA	May	0.0649350649351
MURICA	Jun	0.103896103896
MURICA	Jul	0.12987012987
MURICA	Aug	0.025974025974
MURICA	Sept	0.155844155844
MURICA	Oct	0.103896103896
MURICA	Nov	0.285714285714
MURICA	Dec	0.025974025974
MakeupAddiction	Jan	0.135802469136
MakeupAddiction	Feb	0.0740740740741
MakeupAddiction	Mar	0.0246913580247
MakeupAddiction	Apr	0.111111111111
MakeupAddiction	May	0.0740740740741
MakeupAddiction	Jun	0.0864197530864
MakeupAddiction	Jul	0.123456790123
MakeupAddiction	Aug	0.0617283950617
MakeupAddiction	Sept	0.0246913580247
MakeupAddiction	Oct	0.0864197530864
MakeupAddiction	Nov	0.123456790123
MakeupAddiction	Dec	0.0740740740741
MapPorn	Jan	0.125
MapPorn	Feb	0.05
MapPorn	Mar	0.1
MapPorn	Apr	0.075
MapPorn	May	0.15
MapPorn	Jun	0.05
MapPorn	Jul	0.075
MapPorn	Aug	0.1
MapPorn	Sept	0.025
MapPorn	Oct	0.075
MapPorn	Nov	0.05
MapPorn	Dec	0.125
MensRights	Mar	0.0625
MensRights	Apr	0.0625
MensRights	May	0.125
MensRights	Jun	0.03125
MensRights	Jul	0.25
MensRights	Aug	0.15625
MensRights	Sept	0.0625
MensRights	Oct	0.03125
MensRights	Nov	0.09375
MensRights	Dec	0.125
Minecraft	Jan	0.0727272727273
Minecraft	Feb	0.0181818181818
Minecraft	Mar	0.0787878787879
Minecraft	Apr	0.0363636363636
Minecraft	May	0.127272727273
Minecraft	Jun	0.0363636363636
Minecraft	Jul	0.206060606061
Minecraft	Aug	0.0727272727273
Minecraft	Sept	0.181818181818
Minecraft	Oct	0.0424242424242
Minecraft	Nov	0.0666666666667
Minecraft	Dec	0.0606060606061
MorbidReality	Jan	0.02
MorbidReality	Feb	0.04
MorbidReality	Mar	0.06
MorbidReality	Apr	0.04
MorbidReality	May	0.04
MorbidReality	Jun	0.12
MorbidReality	Jul	0.06
MorbidReality	Aug	0.1
MorbidReality	Sept	0.08
MorbidReality	Oct	0.06
MorbidReality	Nov	0.2
MorbidReality	Dec	0.18
Music	Jan	0.0379568884724
Music	Feb	0.0791940018744
Music	Mar	0.0895032802249
Music	Apr	0.0946579194002
Music	May	0.0754451733833
Music	Jun	0.058106841612
Music	Jul	0.100281162137
Music	Aug	0.0862230552952
Music	Sept	0.087160262418
Music	Oct	0.093252108716
Music	Nov	0.0777881911903
Music	Dec	0.120431115276
Naruto	May	0.0333333333333
Naruto	Jun	0.0666666666667
Naruto	Jul	0.0333333333333
Naruto	Oct	0.2
Naruto	Nov	0.666666666667
OkCupid	Jan	0.121212121212
OkCupid	Aug	0.666666666667
OkCupid	Sept	0.121212121212
OkCupid	Oct	0.0606060606061
OkCupid	Dec	0.030303030303
OldSchoolCool	Jan	0.0251046025105
OldSchoolCool	Feb	0.0418410041841
OldSchoolCool	Mar	0.0753138075314
OldSchoolCool	Apr	0.071129707113
OldSchoolCool	May	0.0460251046025
OldSchoolCool	Jun	0.10460251046
OldSchoolCool	Jul	0.0753138075314
OldSchoolCool	Aug	0.108786610879
OldSchoolCool	Sept	0.112970711297
OldSchoolCool	Oct	0.108786610879
OldSchoolCool	Nov	0.108786610879
OldSchoolCool	Dec	0.121338912134
OutOfTheLoop	Jan	0.0224719101124
OutOfTheLoop	Feb	0.00561797752809
OutOfTheLoop	Mar	0.0505617977528
OutOfTheLoop	Apr	0.0280898876404
OutOfTheLoop	May	0.0365168539326
OutOfTheLoop	Jun	0.0730337078652
OutOfTheLoop	Jul	0.272471910112
OutOfTheLoop	Aug	0.0898876404494
OutOfTheLoop	Sept	0.0842696629213
OutOfTheLoop	Oct	0.0983146067416
OutOfTheLoop	Nov	0.123595505618
OutOfTheLoop	Dec	0.115168539326
PS4	Jan	0.0625
PS4	May	0.0625
PS4	Jun	0.1875
PS4	Jul	0.15625
PS4	Aug	0.03125
PS4	Sept	0.0625
PS4	Oct	0.1875
PS4	Nov	0.0625
PS4	Dec	0.1875
RoastMe	Jul	0.0193236714976
RoastMe	Aug	0.45652173913
RoastMe	Sept	0.135265700483
RoastMe	Oct	0.111111111111
RoastMe	Nov	0.111111111111
RoastMe	Dec	0.166666666667
SandersForPresident	Apr	0.01875
SandersForPresident	May	0.0125
SandersForPresident	Jun	0.05
SandersForPresident	Jul	0.0375
SandersForPresident	Aug	0.1125
SandersForPresident	Sept	0.18125
SandersForPresident	Oct	0.34375
SandersForPresident	Nov	0.09375
SandersForPresident	Dec	0.15
Showerthoughts	Jan	0.044420753376
Showerthoughts	Feb	0.0483297796731
Showerthoughts	Mar	0.0540156361052
Showerthoughts	Apr	0.0611229566453
Showerthoughts	May	0.0771144278607
Showerthoughts	Jun	0.0778251599147
Showerthoughts	Jul	0.0963041933191
Showerthoughts	Aug	0.100568585643
Showerthoughts	Sept	0.0952380952381
Showerthoughts	Oct	0.114427860697
Showerthoughts	Nov	0.106254442075
Showerthoughts	Dec	0.124378109453
SquaredCircle	Jan	0.112359550562
SquaredCircle	Feb	0.0224719101124
SquaredCircle	Mar	0.213483146067
SquaredCircle	Apr	0.0561797752809
SquaredCircle	Jun	0.0224719101124
SquaredCircle	Jul	0.14606741573
SquaredCircle	Aug	0.101123595506
SquaredCircle	Sept	0.0561797752809
SquaredCircle	Oct	0.0224719101124
SquaredCircle	Nov	0.123595505618
SquaredCircle	Dec	0.123595505618
StarWars	Jan	0.0194805194805
StarWars	Feb	0.00162337662338
StarWars	Mar	0.00649350649351
StarWars	Apr	0.0454545454545
StarWars	May	0.0113636363636
StarWars	Jun	0.0194805194805
StarWars	Jul	0.0178571428571
StarWars	Aug	0.0357142857143
StarWars	Sept	0.0162337662338
StarWars	Oct	0.155844155844
StarWars	Nov	0.0811688311688
StarWars	Dec	0.589285714286
Steam	Feb	0.0454545454545
Steam	Mar	0.030303030303
Steam	Apr	0.106060606061
Steam	May	0.0151515151515
Steam	Jun	0.121212121212
Steam	Jul	0.0606060606061
Steam	Aug	0.0454545454545
Steam	Sept	0.106060606061
Steam	Oct	0.0606060606061
Steam	Nov	0.0454545454545
Steam	Dec	0.363636363636
SubredditDrama	Jan	0.00460829493088
SubredditDrama	Feb	0.00460829493088
SubredditDrama	Mar	0.0276497695853
SubredditDrama	Apr	0.0138248847926
SubredditDrama	May	0.0230414746544
SubredditDrama	Jun	0.294930875576
SubredditDrama	Jul	0.341013824885
SubredditDrama	Aug	0.115207373272
SubredditDrama	Sept	0.0645161290323
SubredditDrama	Oct	0.0460829493088
SubredditDrama	Nov	0.0414746543779
SubredditDrama	Dec	0.0230414746544
SubredditSimulator	Jul	0.224719101124
SubredditSimulator	Aug	0.247191011236
SubredditSimulator	Sept	0.14606741573
SubredditSimulator	Oct	0.179775280899
SubredditSimulator	Nov	0.112359550562
SubredditSimulator	Dec	0.0898876404494
TalesFromRetail	Jan	0.122448979592
TalesFromRetail	Feb	0.0510204081633
TalesFromRetail	Mar	0.0408163265306
TalesFromRetail	Apr	0.0612244897959
TalesFromRetail	May	0.132653061224
TalesFromRetail	Jun	0.0612244897959
TalesFromRetail	Jul	0.0816326530612
TalesFromRetail	Aug	0.0816326530612
TalesFromRetail	Sept	0.0510204081633
TalesFromRetail	Oct	0.0816326530612
TalesFromRetail	Nov	0.122448979592
TalesFromRetail	Dec	0.112244897959
TheLastAirbender	Feb	0.0078125
TheLastAirbender	May	0.015625
TheLastAirbender	Jun	0.0390625
TheLastAirbender	Jul	0.0546875
TheLastAirbender	Aug	0.1328125
TheLastAirbender	Sept	0.046875
TheLastAirbender	Oct	0.171875
TheLastAirbender	Nov	0.234375
TheLastAirbender	Dec	0.296875
Tinder	Jan	0.0936329588015
Tinder	Feb	0.0561797752809
Tinder	Mar	0.0449438202247
Tinder	Apr	0.0711610486891
Tinder	May	0.0674157303371
Tinder	Jun	0.0374531835206
Tinder	Jul	0.0711610486891
Tinder	Aug	0.0936329588015
Tinder	Sept	0.116104868914
Tinder	Oct	0.0786516853933
Tinder	Nov	0.14606741573
Tinder	Dec	0.123595505618
TopGear	Feb	0.0277777777778
TopGear	Mar	0.666666666667
TopGear	Apr	0.0833333333333
TopGear	Jul	0.138888888889
TopGear	Sept	0.0277777777778
TopGear	Oct	0.0277777777778
TopGear	Dec	0.0277777777778
TrollXChromosomes	Jan	0.0602409638554
TrollXChromosomes	Feb	0.192771084337
TrollXChromosomes	Mar	0.132530120482
TrollXChromosomes	Apr	0.0481927710843
TrollXChromosomes	May	0.0240963855422
TrollXChromosomes	Jun	0.0722891566265
TrollXChromosomes	Jul	0.0120481927711
TrollXChromosomes	Aug	0.0843373493976
TrollXChromosomes	Sept	0.0481927710843
TrollXChromosomes	Oct	0.132530120482
TrollXChromosomes	Nov	0.120481927711
TrollXChromosomes	Dec	0.0722891566265
TrueDetective	Feb	0.03125
TrueDetective	Mar	0.046875
TrueDetective	Jun	0.15625
TrueDetective	Jul	0.453125
TrueDetective	Aug	0.3125
TrueReddit	Jan	0.0816326530612
TrueReddit	Feb	0.163265306122
TrueReddit	Mar	0.163265306122
TrueReddit	Apr	0.0204081632653
TrueReddit	May	0.0612244897959
TrueReddit	Jun	0.102040816327
TrueReddit	Jul	0.0408163265306
TrueReddit	Aug	0.0408163265306
TrueReddit	Sept	0.163265306122
TrueReddit	Oct	0.0408163265306
TrueReddit	Nov	0.0612244897959
TrueReddit	Dec	0.0612244897959
TumblrInAction	Jan	0.0445619335347
TumblrInAction	Feb	0.0664652567976
TumblrInAction	Mar	0.0513595166163
TumblrInAction	Apr	0.0702416918429
TumblrInAction	May	0.0800604229607
TumblrInAction	Jun	0.0808157099698
TumblrInAction	Jul	0.104229607251
TumblrInAction	Aug	0.0929003021148
TumblrInAction	Sept	0.0906344410876
TumblrInAction	Oct	0.0755287009063
TumblrInAction	Nov	0.123867069486
TumblrInAction	Dec	0.119335347432
TwoXChromosomes	Jan	0.0555555555556
TwoXChromosomes	Feb	0.0353535353535
TwoXChromosomes	Mar	0.0555555555556
TwoXChromosomes	Apr	0.0606060606061
TwoXChromosomes	May	0.106060606061
TwoXChromosomes	Jun	0.0782828282828
TwoXChromosomes	Jul	0.0631313131313
TwoXChromosomes	Aug	0.0959595959596
TwoXChromosomes	Sept	0.0909090909091
TwoXChromosomes	Oct	0.136363636364
TwoXChromosomes	Nov	0.106060606061
TwoXChromosomes	Dec	0.116161616162
Unexpected	Jan	0.0253456221198
Unexpected	Feb	0.0345622119816
Unexpected	Mar	0.0645161290323
Unexpected	Apr	0.0714285714286
Unexpected	May	0.0691244239631
Unexpected	Jun	0.0852534562212
Unexpected	Jul	0.0875576036866
Unexpected	Aug	0.10599078341
Unexpected	Sept	0.103686635945
Unexpected	Oct	0.124423963134
Unexpected	Nov	0.101382488479
Unexpected	Dec	0.126728110599
UnexpectedThugLife	Jan	0.093023255814
UnexpectedThugLife	Feb	0.139534883721
UnexpectedThugLife	Mar	0.0232558139535
UnexpectedThugLife	Apr	0.139534883721
UnexpectedThugLife	May	0.0697674418605
UnexpectedThugLife	Jun	0.0232558139535
UnexpectedThugLife	Jul	0.0232558139535
UnexpectedThugLife	Oct	0.279069767442
UnexpectedThugLife	Nov	0.162790697674
UnexpectedThugLife	Dec	0.046511627907
UpliftingNews	Jan	0.00645161290323
UpliftingNews	Feb	0.00645161290323
UpliftingNews	Mar	0.0193548387097
UpliftingNews	Apr	0.0451612903226
UpliftingNews	May	0.0838709677419
UpliftingNews	Jun	0.0903225806452
UpliftingNews	Jul	0.0516129032258
UpliftingNews	Aug	0.0451612903226
UpliftingNews	Sept	0.212903225806
UpliftingNews	Oct	0.141935483871
UpliftingNews	Nov	0.0903225806452
UpliftingNews	Dec	0.206451612903
WTF	Jan	0.0744051650187
WTF	Feb	0.0697999909702
WTF	Mar	0.0820353063344
WTF	Apr	0.0874983069213
WTF	May	0.0846087859497
WTF	Jun	0.0802293557271
WTF	Jul	0.0832543229943
WTF	Aug	0.092148629735
WTF	Sept	0.0841121495327
WTF	Oct	0.0836155131157
WTF	Nov	0.0870016705043
WTF	Dec	0.0912908031965
Whatcouldgowrong	Jan	0.0375
Whatcouldgowrong	Feb	0.025
Whatcouldgowrong	Mar	0.0375
Whatcouldgowrong	Apr	0.05
Whatcouldgowrong	May	0.05
Whatcouldgowrong	Jun	0.125
Whatcouldgowrong	Jul	0.0375
Whatcouldgowrong	Aug	0.175
Whatcouldgowrong	Sept	0.1375
Whatcouldgowrong	Oct	0.125
Whatcouldgowrong	Nov	0.0625
Whatcouldgowrong	Dec	0.1375
WhatsInThisThing	Mar	0.484848484848
WhatsInThisThing	Apr	0.0909090909091
WhatsInThisThing	May	0.121212121212
WhatsInThisThing	Jul	0.151515151515
WhatsInThisThing	Aug	0.030303030303
WhatsInThisThing	Nov	0.030303030303
WhatsInThisThing	Dec	0.0909090909091
WritingPrompts	Jan	0.0635294117647
WritingPrompts	Feb	0.0635294117647
WritingPrompts	Mar	0.0611764705882
WritingPrompts	Apr	0.0847058823529
WritingPrompts	May	0.0823529411765
WritingPrompts	Jun	0.0729411764706
WritingPrompts	Jul	0.0611764705882
WritingPrompts	Aug	0.08
WritingPrompts	Sept	0.0705882352941
WritingPrompts	Oct	0.148235294118
WritingPrompts	Nov	0.0964705882353
WritingPrompts	Dec	0.115294117647
anime	Jan	0.0804597701149
anime	Mar	0.0114942528736
anime	Apr	0.0459770114943
anime	May	0.0344827586207
anime	Jun	0.0459770114943
anime	Jul	0.0229885057471
anime	Aug	0.0804597701149
anime	Sept	0.0804597701149
anime	Oct	0.103448275862
anime	Nov	0.218390804598
anime	Dec	0.275862068966
announcements	Jan	0.00643500643501
announcements	Mar	0.00772200772201
announcements	Apr	0.033462033462
announcements	May	0.0501930501931
announcements	Jun	0.262548262548
announcements	Jul	0.455598455598
announcements	Aug	0.0720720720721
announcements	Sept	0.047619047619
announcements	Oct	0.011583011583
announcements	Nov	0.0514800514801
announcements	Dec	0.001287001287
apple	Feb	0.0192307692308
apple	Mar	0.0576923076923
apple	May	0.0384615384615
apple	Jun	0.173076923077
apple	Jul	0.0769230769231
apple	Aug	0.0769230769231
apple	Sept	0.173076923077
apple	Oct	0.25
apple	Nov	0.0576923076923
apple	Dec	0.0769230769231
askscience	Jan	0.0676758682102
askscience	Feb	0.0685663401603
askscience	Mar	0.0721282279608
askscience	Apr	0.103294746215
askscience	May	0.0828138913624
askscience	Jun	0.0837043633126
askscience	Jul	0.0917186108638
askscience	Aug	0.0694568121104
askscience	Sept	0.0890471950134
askscience	Oct	0.0899376669635
askscience	Nov	0.0872662511131
askscience	Dec	0.0943900267142
asoiaf	Jan	0.0160256410256
asoiaf	Feb	0.0144230769231
asoiaf	Mar	0.0224358974359
asoiaf	Apr	0.112179487179
asoiaf	May	0.184294871795
asoiaf	Jun	0.474358974359
asoiaf	Jul	0.0448717948718
asoiaf	Aug	0.0432692307692
asoiaf	Sept	0.0208333333333
asoiaf	Oct	0.00480769230769
asoiaf	Nov	0.0160256410256
asoiaf	Dec	0.0464743589744
atheism	Jan	0.0731907894737
atheism	Feb	0.0616776315789
atheism	Mar	0.0912828947368
atheism	Apr	0.0896381578947
atheism	May	0.0707236842105
atheism	Jun	0.0764802631579
atheism	Jul	0.0625
atheism	Aug	0.0986842105263
atheism	Sept	0.0912828947368
atheism	Oct	0.0847039473684
atheism	Nov	0.0863486842105
atheism	Dec	0.113486842105
aww	Jan	0.0574941841143
aww	Feb	0.0531738118976
aww	Mar	0.0731139913593
aww	Apr	0.095048188767
aww	May	0.0847457627119
aww	Jun	0.078431372549
aww	Jul	0.078431372549
aww	Aug	0.0937188434696
aww	Sept	0.0857427716849
aww	Oct	0.0923894981722
aww	Nov	0.104353605849
aww	Dec	0.103356596876
baseball	Jan	0.00751879699248
baseball	Feb	0.00751879699248
baseball	Mar	0.015037593985
baseball	Apr	0.0526315789474
baseball	May	0.0300751879699
baseball	Jun	0.0902255639098
baseball	Jul	0.0676691729323
baseball	Aug	0.0451127819549
baseball	Sept	0.127819548872
baseball	Oct	0.368421052632
baseball	Nov	0.112781954887
baseball	Dec	0.0751879699248
bestof	Jan	0.0538033395176
bestof	Feb	0.0333951762523
bestof	Mar	0.0834879406308
bestof	Apr	0.0575139146568
bestof	May	0.0463821892393
bestof	Jun	0.0686456400742
bestof	Jul	0.0983302411874
bestof	Aug	0.0946196660482
bestof	Sept	0.113172541744
bestof	Oct	0.135435992579
bestof	Nov	0.115027829314
bestof	Dec	0.100185528757
bestof2010	Jan	1.0
betterCallSaul	Feb	0.227272727273
betterCallSaul	Mar	0.613636363636
betterCallSaul	Apr	0.159090909091
blog	Jan	0.104513064133
blog	Feb	0.0997624703088
blog	Mar	0.0498812351544
blog	Apr	0.149643705463
blog	May	0.114014251781
blog	Jun	0.0760095011876
blog	Jul	0.0807600950119
blog	Aug	0.0285035629454
blog	Sept	0.152019002375
blog	Oct	0.0380047505938
blog	Nov	0.0237529691211
blog	Dec	0.083135391924
books	Jan	0.0691823899371
books	Feb	0.0607966457023
books	Mar	0.0943396226415
books	Apr	0.0670859538784
books	May	0.0964360587002
books	Jun	0.104821802935
books	Jul	0.0754716981132
books	Aug	0.083857442348
books	Sept	0.0985324947589
books	Oct	0.0461215932914
books	Nov	0.11320754717
books	Dec	0.0901467505241
breakingbad	Jan	0.00338600451467
breakingbad	Feb	0.0169300225734
breakingbad	Mar	0.00225733634312
breakingbad	Jul	0.0259593679458
breakingbad	Aug	0.247178329571
breakingbad	Sept	0.687358916479
breakingbad	Oct	0.0079006772009
breakingbad	Nov	0.00338600451467
breakingbad	Dec	0.00564334085779
buildapc	Jan	0.0392156862745
buildapc	Mar	0.0980392156863
buildapc	Apr	0.0392156862745
buildapc	May	0.0196078431373
buildapc	Jun	0.078431372549
buildapc	Jul	0.0980392156863
buildapc	Aug	0.078431372549
buildapc	Sept	0.196078431373
buildapc	Oct	0.078431372549
buildapc	Nov	0.117647058824
buildapc	Dec	0.156862745098
canada	Jan	0.0540540540541
canada	Feb	0.0405405405405
canada	Mar	0.0540540540541
canada	Apr	0.0540540540541
canada	May	0.0945945945946
canada	Jun	0.0135135135135
canada	Jul	0.0945945945946
canada	Aug	0.0135135135135
canada	Sept	0.027027027027
canada	Oct	0.310810810811
canada	Nov	0.162162162162
canada	Dec	0.0810810810811
casualiama	Jan	0.0512820512821
casualiama	Mar	0.0769230769231
casualiama	Apr	0.0769230769231
casualiama	May	0.0769230769231
casualiama	Jun	0.0769230769231
casualiama	Jul	0.307692307692
casualiama	Aug	0.0769230769231
casualiama	Sept	0.025641025641
casualiama	Oct	0.0512820512821
casualiama	Nov	0.179487179487
changemyview	Jan	0.0666666666667
changemyview	Feb	0.0666666666667
changemyview	Mar	0.0222222222222
changemyview	Apr	0.0222222222222
changemyview	May	0.155555555556
changemyview	Jun	0.133333333333
changemyview	Jul	0.133333333333
changemyview	Aug	0.222222222222
changemyview	Sept	0.0444444444444
changemyview	Oct	0.0222222222222
changemyview	Nov	0.0444444444444
changemyview	Dec	0.0666666666667
circlejerk	Jan	0.0634920634921
circlejerk	Feb	0.0952380952381
circlejerk	Mar	0.026455026455
circlejerk	Apr	0.047619047619
circlejerk	May	0.037037037037
circlejerk	Jun	0.047619047619
circlejerk	Jul	0.153439153439
circlejerk	Aug	0.0846560846561
circlejerk	Sept	0.021164021164
circlejerk	Oct	0.100529100529
circlejerk	Nov	0.269841269841
circlejerk	Dec	0.0529100529101
comics	Jan	0.0645161290323
comics	Feb	0.0887096774194
comics	Mar	0.112903225806
comics	Apr	0.0403225806452
comics	May	0.0806451612903
comics	Jun	0.0483870967742
comics	Jul	0.0483870967742
comics	Aug	0.0564516129032
comics	Sept	0.129032258065
comics	Oct	0.0967741935484
comics	Nov	0.0725806451613
comics	Dec	0.161290322581
community	Jan	0.106666666667
community	Feb	0.306666666667
community	May	0.173333333333
community	Jun	0.133333333333
community	Jul	0.0933333333333
community	Aug	0.0133333333333
community	Sept	0.08
community	Oct	0.08
community	Dec	0.0133333333333
conspiracy	Feb	0.0377358490566
conspiracy	Mar	0.0754716981132
conspiracy	Apr	0.0377358490566
conspiracy	May	0.169811320755
conspiracy	Jun	0.169811320755
conspiracy	Jul	0.11320754717
conspiracy	Aug	0.0566037735849
conspiracy	Sept	0.0566037735849
conspiracy	Oct	0.0377358490566
conspiracy	Nov	0.132075471698
conspiracy	Dec	0.11320754717
creepy	Jan	0.0364741641337
creepy	Feb	0.0911854103343
creepy	Mar	0.0790273556231
creepy	Apr	0.0395136778116
creepy	May	0.0851063829787
creepy	Jun	0.0547112462006
creepy	Jul	0.179331306991
creepy	Aug	0.0516717325228
creepy	Sept	0.136778115502
creepy	Oct	0.0851063829787
creepy	Nov	0.0759878419453
creepy	Dec	0.0851063829787
creepyPMs	Jan	0.0333333333333
creepyPMs	Feb	0.0833333333333
creepyPMs	Mar	0.05
creepyPMs	Apr	0.0833333333333
creepyPMs	May	0.1
creepyPMs	Jun	0.0833333333333
creepyPMs	Jul	0.05
creepyPMs	Aug	0.133333333333
creepyPMs	Sept	0.116666666667
creepyPMs	Oct	0.0833333333333
creepyPMs	Nov	0.15
creepyPMs	Dec	0.0333333333333
cringe	Jan	0.0715328467153
cringe	Feb	0.0744525547445
cringe	Mar	0.0583941605839
cringe	Apr	0.121167883212
cringe	May	0.0773722627737
cringe	Jun	0.0832116788321
cringe	Jul	0.0379562043796
cringe	Aug	0.0919708029197
cringe	Sept	0.0525547445255
cringe	Oct	0.0992700729927
cringe	Nov	0.157664233577
cringe	Dec	0.0744525547445
cringepics	Jan	0.0653303637713
cringepics	Feb	0.0712694877506
cringepics	Mar	0.0731254639941
cringepics	Apr	0.0668151447661
cringepics	May	0.0786933927246
cringepics	Jun	0.0675575352635
cringepics	Jul	0.09428359317
cringepics	Aug	0.103563474388
cringepics	Sept	0.0820341499629
cringepics	Oct	0.101336302895
cringepics	Nov	0.0920564216778
cringepics	Dec	0.103934669636
dadjokes	Jan	0.104651162791
dadjokes	Feb	0.0581395348837
dadjokes	Mar	0.0697674418605
dadjokes	Apr	0.046511627907
dadjokes	May	0.046511627907
dadjokes	Jun	0.0116279069767
dadjokes	Jul	0.0697674418605
dadjokes	Aug	0.0813953488372
dadjokes	Sept	0.0813953488372
dadjokes	Oct	0.0813953488372
dadjokes	Nov	0.0813953488372
dadjokes	Dec	0.267441860465
dataisbeautiful	Jan	0.024861878453
dataisbeautiful	Feb	0.0580110497238
dataisbeautiful	Mar	0.0497237569061
dataisbeautiful	Apr	0.0497237569061
dataisbeautiful	May	0.060773480663
dataisbeautiful	Jun	0.127071823204
dataisbeautiful	Jul	0.0801104972376
dataisbeautiful	Aug	0.140883977901
dataisbeautiful	Sept	0.116022099448
dataisbeautiful	Oct	0.135359116022
dataisbeautiful	Nov	0.0718232044199
dataisbeautiful	Dec	0.085635359116
doctorwho	Jan	0.0149253731343
doctorwho	Feb	0.0149253731343
doctorwho	Apr	0.0298507462687
doctorwho	May	0.208955223881
doctorwho	Jun	0.0149253731343
doctorwho	Aug	0.0298507462687
doctorwho	Sept	0.0149253731343
doctorwho	Oct	0.044776119403
doctorwho	Nov	0.477611940299
doctorwho	Dec	0.149253731343
drunk	Feb	0.0131578947368
drunk	Mar	0.0131578947368
drunk	Jul	0.0131578947368
drunk	Sept	0.947368421053
drunk	Oct	0.0131578947368
explainlikeIAmA	Jan	0.114285714286
explainlikeIAmA	Feb	0.133333333333
explainlikeIAmA	Mar	0.104761904762
explainlikeIAmA	Apr	0.0666666666667
explainlikeIAmA	May	0.12380952381
explainlikeIAmA	Jun	0.0666666666667
explainlikeIAmA	Jul	0.0761904761905
explainlikeIAmA	Aug	0.12380952381
explainlikeIAmA	Sept	0.047619047619
explainlikeIAmA	Oct	0.0380952380952
explainlikeIAmA	Nov	0.00952380952381
explainlikeIAmA	Dec	0.0952380952381
explainlikeimfive	Jan	0.0660377358491
explainlikeimfive	Feb	0.0648942252716
explainlikeimfive	Mar	0.0783304745569
explainlikeimfive	Apr	0.0640365923385
explainlikeimfive	May	0.0751858204688
explainlikeimfive	Jun	0.0774728416238
explainlikeimfive	Jul	0.0871926815323
explainlikeimfive	Aug	0.0923384791309
explainlikeimfive	Sept	0.0849056603774
explainlikeimfive	Oct	0.0969125214408
explainlikeimfive	Nov	0.103201829617
explainlikeimfive	Dec	0.109491137793
facepalm	Jan	0.032154340836
facepalm	Feb	0.0514469453376
facepalm	Mar	0.0578778135048
facepalm	Apr	0.0675241157556
facepalm	May	0.0675241157556
facepalm	Jun	0.0675241157556
facepalm	Jul	0.0868167202572
facepalm	Aug	0.118971061093
facepalm	Sept	0.109324758842
facepalm	Oct	0.109324758842
facepalm	Nov	0.102893890675
facepalm	Dec	0.128617363344
fantasyfootball	Aug	0.0131578947368
fantasyfootball	Sept	0.302631578947
fantasyfootball	Oct	0.184210526316
fantasyfootball	Nov	0.355263157895
fantasyfootball	Dec	0.144736842105
fatlogic	Feb	0.0434782608696
fatlogic	Mar	0.0724637681159
fatlogic	Apr	0.0289855072464
fatlogic	May	0.0289855072464
fatlogic	Jun	0.0434782608696
fatlogic	Jul	0.101449275362
fatlogic	Aug	0.188405797101
fatlogic	Sept	0.217391304348
fatlogic	Oct	0.130434782609
fatlogic	Nov	0.101449275362
fatlogic	Dec	0.0434782608696
fatpeoplehate	Jan	0.0540540540541
fatpeoplehate	Mar	0.162162162162
fatpeoplehate	Apr	0.306306306306
fatpeoplehate	May	0.459459459459
fatpeoplehate	Nov	0.00900900900901
fatpeoplehate	Dec	0.00900900900901
fffffffuuuuuuuuuuuu	Jan	0.103260869565
fffffffuuuuuuuuuuuu	Feb	0.0652173913043
fffffffuuuuuuuuuuuu	Mar	0.0760869565217
fffffffuuuuuuuuuuuu	Apr	0.0815217391304
fffffffuuuuuuuuuuuu	May	0.0760869565217
fffffffuuuuuuuuuuuu	Jun	0.0869565217391
fffffffuuuuuuuuuuuu	Jul	0.0869565217391
fffffffuuuuuuuuuuuu	Aug	0.0652173913043
fffffffuuuuuuuuuuuu	Sept	0.070652173913
fffffffuuuuuuuuuuuu	Oct	0.054347826087
fffffffuuuuuuuuuuuu	Nov	0.146739130435
fffffffuuuuuuuuuuuu	Dec	0.0869565217391
firstworldanarchists	Jan	0.0363636363636
firstworldanarchists	Feb	0.0545454545455
firstworldanarchists	Mar	0.163636363636
firstworldanarchists	Apr	0.0545454545455
firstworldanarchists	May	0.109090909091
firstworldanarchists	Jun	0.145454545455
firstworldanarchists	Jul	0.0181818181818
firstworldanarchists	Aug	0.0909090909091
firstworldanarchists	Sept	0.0363636363636
firstworldanarchists	Oct	0.0727272727273
firstworldanarchists	Nov	0.0909090909091
firstworldanarchists	Dec	0.127272727273
fo4	Nov	0.660714285714
fo4	Dec	0.339285714286
food	Jan	0.0702341137124
food	Feb	0.0401337792642
food	Mar	0.0468227424749
food	Apr	0.0401337792642
food	May	0.0434782608696
food	Jun	0.0735785953177
food	Jul	0.113712374582
food	Aug	0.100334448161
food	Sept	0.103678929766
food	Oct	0.110367892977
food	Nov	0.177257525084
food	Dec	0.0802675585284
funny	Jan	0.0718085933854
funny	Feb	0.0688217541458
funny	Mar	0.0764755296973
funny	Apr	0.0812358047354
funny	May	0.0841604181575
funny	Jun	0.0775022556859
funny	Jul	0.0874583864846
funny	Aug	0.0886095641081
funny	Sept	0.0889518061044
funny	Oct	0.0887029028344
funny	Nov	0.0876139510283
funny	Dec	0.0986590336331
gadgets	Jan	0.0615384615385
gadgets	Mar	0.0461538461538
gadgets	Apr	0.0769230769231
gadgets	May	0.123076923077
gadgets	Jun	0.0923076923077
gadgets	Jul	0.0461538461538
gadgets	Sept	0.107692307692
gadgets	Oct	0.107692307692
gadgets	Nov	0.230769230769
gadgets	Dec	0.107692307692
gamegrumps	Jan	0.3125
gamegrumps	Apr	0.09375
gamegrumps	Jun	0.0625
gamegrumps	Jul	0.0625
gamegrumps	Aug	0.09375
gamegrumps	Sept	0.03125
gamegrumps	Oct	0.0625
gamegrumps	Nov	0.03125
gamegrumps	Dec	0.25
gameofthrones	Jan	0.00211565585331
gameofthrones	Feb	0.000705218617772
gameofthrones	Mar	0.0024682651622
gameofthrones	Apr	0.220028208745
gameofthrones	May	0.256699576869
gameofthrones	Jun	0.484485190409
gameofthrones	Jul	0.015514809591
gameofthrones	Aug	0.00634696755994
gameofthrones	Sept	0.0024682651622
gameofthrones	Oct	0.00282087447109
gameofthrones	Nov	0.00211565585331
gameofthrones	Dec	0.00423131170663
gaming	Jan	0.0600401942723
gaming	Feb	0.0616312175515
gaming	Mar	0.0695863339474
gaming	Apr	0.0740244515157
gaming	May	0.0772902361413
gaming	Jun	0.11396750963
gaming	Jul	0.0880924468263
gaming	Aug	0.0851616144699
gaming	Sept	0.0835705911908
gaming	Oct	0.0803885446324
gaming	Nov	0.112627700553
gaming	Dec	0.0936191592698
geek	Jan	0.0769230769231
geek	Apr	0.0576923076923
geek	May	0.288461538462
geek	Jun	0.0769230769231
geek	Jul	0.192307692308
geek	Aug	0.0192307692308
geek	Sept	0.0961538461538
geek	Oct	0.0384615384615
geek	Nov	0.0576923076923
geek	Dec	0.0961538461538
gifs	Jan	0.053723110866
gifs	Feb	0.0506343077772
gifs	Mar	0.0773303916161
gifs	Apr	0.0774407060121
gifs	May	0.0736900165472
gifs	Jun	0.0720353006067
gifs	Jul	0.076889134032
gifs	Aug	0.0868174296746
gifs	Sept	0.0874793160507
gifs	Oct	0.109873138445
gifs	Nov	0.111638168781
gifs	Dec	0.122448979592
harrypotter	Jan	0.106382978723
harrypotter	Feb	0.106382978723
harrypotter	Mar	0.063829787234
harrypotter	Jun	0.0425531914894
harrypotter	Jul	0.148936170213
harrypotter	Aug	0.063829787234
harrypotter	Sept	0.0425531914894
harrypotter	Oct	0.0851063829787
harrypotter	Nov	0.148936170213
harrypotter	Dec	0.191489361702
hearthstone	Jan	0.0332167832168
hearthstone	Feb	0.0314685314685
hearthstone	Mar	0.0437062937063
hearthstone	Apr	0.0402097902098
hearthstone	May	0.0646853146853
hearthstone	Jun	0.0734265734266
hearthstone	Jul	0.0594405594406
hearthstone	Aug	0.171328671329
hearthstone	Sept	0.0944055944056
hearthstone	Oct	0.122377622378
hearthstone	Nov	0.136363636364
hearthstone	Dec	0.129370629371
hiphopheads	Jan	0.0686131386861
hiphopheads	Feb	0.0613138686131
hiphopheads	Mar	0.0919708029197
hiphopheads	Apr	0.0817518248175
hiphopheads	May	0.0496350364964
hiphopheads	Jun	0.0554744525547
hiphopheads	Jul	0.154744525547
hiphopheads	Aug	0.100729927007
hiphopheads	Sept	0.0700729927007
hiphopheads	Oct	0.0642335766423
hiphopheads	Nov	0.0525547445255
hiphopheads	Dec	0.148905109489
history	Jan	0.0238095238095
history	Feb	0.0238095238095
history	Mar	0.0357142857143
history	Apr	0.0357142857143
history	May	0.238095238095
history	Jun	0.0238095238095
history	Jul	0.047619047619
history	Aug	0.0595238095238
history	Sept	0.142857142857
history	Oct	0.107142857143
history	Nov	0.0595238095238
history	Dec	0.202380952381
hockey	Jan	0.0446735395189
hockey	Feb	0.147766323024
hockey	Mar	0.0378006872852
hockey	Apr	0.199312714777
hockey	May	0.144329896907
hockey	Jun	0.109965635739
hockey	Jul	0.0584192439863
hockey	Aug	0.0378006872852
hockey	Sept	0.0412371134021
hockey	Oct	0.0549828178694
hockey	Nov	0.0618556701031
hockey	Dec	0.0618556701031
iamverysmart	Jan	0.00980392156863
iamverysmart	Feb	0.0343137254902
iamverysmart	Mar	0.0490196078431
iamverysmart	Apr	0.0490196078431
iamverysmart	May	0.0294117647059
iamverysmart	Jun	0.093137254902
iamverysmart	Jul	0.093137254902
iamverysmart	Aug	0.0882352941176
iamverysmart	Sept	0.112745098039
iamverysmart	Oct	0.117647058824
iamverysmart	Nov	0.151960784314
iamverysmart	Dec	0.171568627451
instant_regret	Feb	0.05
instant_regret	Apr	0.025
instant_regret	Jun	0.075
instant_regret	Jul	0.1
instant_regret	Aug	0.075
instant_regret	Sept	0.05
instant_regret	Oct	0.125
instant_regret	Nov	0.375
instant_regret	Dec	0.125
interestingasfuck	Jan	0.0334346504559
interestingasfuck	Feb	0.0395136778116
interestingasfuck	Mar	0.0547112462006
interestingasfuck	Apr	0.0455927051672
interestingasfuck	May	0.0729483282675
interestingasfuck	Jun	0.0714285714286
interestingasfuck	Jul	0.0881458966565
interestingasfuck	Aug	0.0851063829787
interestingasfuck	Sept	0.100303951368
interestingasfuck	Oct	0.118541033435
interestingasfuck	Nov	0.164133738602
interestingasfuck	Dec	0.126139817629
justneckbeardthings	Jan	0.037037037037
justneckbeardthings	Feb	0.0555555555556
justneckbeardthings	Mar	0.0925925925926
justneckbeardthings	Apr	0.0740740740741
justneckbeardthings	May	0.0185185185185
justneckbeardthings	Jun	0.037037037037
justneckbeardthings	Jul	0.166666666667
justneckbeardthings	Aug	0.0555555555556
justneckbeardthings	Sept	0.0185185185185
justneckbeardthings	Oct	0.0925925925926
justneckbeardthings	Nov	0.166666666667
justneckbeardthings	Dec	0.185185185185
leagueoflegends	Jan	0.0562487003535
leagueoflegends	Feb	0.0669577874818
leagueoflegends	Mar	0.066229985444
leagueoflegends	Apr	0.0766271574132
leagueoflegends	May	0.0885839051778
leagueoflegends	Jun	0.0700769390726
leagueoflegends	Jul	0.0781867332086
leagueoflegends	Aug	0.0932626325639
leagueoflegends	Sept	0.0990850488667
leagueoflegends	Oct	0.125181950509
leagueoflegends	Nov	0.100332709503
leagueoflegends	Dec	0.0792264504055
legaladvice	Jan	0.0294117647059
legaladvice	Mar	0.0367647058824
legaladvice	Apr	0.0367647058824
legaladvice	May	0.110294117647
legaladvice	Jun	0.0147058823529
legaladvice	Jul	0.213235294118
legaladvice	Aug	0.0367647058824
legaladvice	Sept	0.323529411765
legaladvice	Oct	0.0808823529412
legaladvice	Nov	0.0367647058824
legaladvice	Dec	0.0808823529412
lifehacks	Jan	0.0625
lifehacks	Feb	0.0625
lifehacks	Apr	0.104166666667
lifehacks	May	0.0833333333333
lifehacks	Jul	0.0625
lifehacks	Aug	0.0625
lifehacks	Sept	0.3125
lifehacks	Oct	0.104166666667
lifehacks	Nov	0.104166666667
lifehacks	Dec	0.0416666666667
magicTCG	Jan	0.0666666666667
magicTCG	Feb	0.0666666666667
magicTCG	Mar	0.0444444444444
magicTCG	May	0.111111111111
magicTCG	Jun	0.0888888888889
magicTCG	Jul	0.0888888888889
magicTCG	Aug	0.111111111111
magicTCG	Sept	0.111111111111
magicTCG	Oct	0.133333333333
magicTCG	Nov	0.0666666666667
magicTCG	Dec	0.111111111111
malefashionadvice	Jan	0.0509554140127
malefashionadvice	Feb	0.0445859872611
malefashionadvice	Mar	0.0700636942675
malefashionadvice	Apr	0.184713375796
malefashionadvice	May	0.0828025477707
malefashionadvice	Jun	0.0891719745223
malefashionadvice	Jul	0.0573248407643
malefashionadvice	Aug	0.0891719745223
malefashionadvice	Sept	0.0445859872611
malefashionadvice	Oct	0.0573248407643
malefashionadvice	Nov	0.140127388535
malefashionadvice	Dec	0.0891719745223
me_irl	Mar	0.015306122449
me_irl	Apr	0.0357142857143
me_irl	May	0.0408163265306
me_irl	Jun	0.0459183673469
me_irl	Jul	0.112244897959
me_irl	Aug	0.168367346939
me_irl	Sept	0.137755102041
me_irl	Oct	0.147959183673
me_irl	Nov	0.137755102041
me_irl	Dec	0.158163265306
mildlyinfuriating	Jan	0.0539568345324
mildlyinfuriating	Feb	0.0395683453237
mildlyinfuriating	Mar	0.0323741007194
mildlyinfuriating	Apr	0.0575539568345
mildlyinfuriating	May	0.0575539568345
mildlyinfuriating	Jun	0.0827338129496
mildlyinfuriating	Jul	0.0431654676259
mildlyinfuriating	Aug	0.151079136691
mildlyinfuriating	Sept	0.0539568345324
mildlyinfuriating	Oct	0.147482014388
mildlyinfuriating	Nov	0.125899280576
mildlyinfuriating	Dec	0.154676258993
mildlyinteresting	Jan	0.0545590433483
mildlyinteresting	Feb	0.0582959641256
mildlyinteresting	Mar	0.0848281016442
mildlyinteresting	Apr	0.0732436472347
mildlyinteresting	May	0.0814648729447
mildlyinteresting	Jun	0.0825859491779
mildlyinteresting	Jul	0.0668908819133
mildlyinteresting	Aug	0.0926756352765
mildlyinteresting	Sept	0.089312406577
mildlyinteresting	Oct	0.104633781764
mildlyinteresting	Nov	0.0908071748879
mildlyinteresting	Dec	0.120702541106
movies	Jan	0.0530386740331
movies	Feb	0.0543891958257
movies	Mar	0.056599140577
movies	Apr	0.0795580110497
movies	May	0.0689993861265
movies	Jun	0.0637200736648
movies	Jul	0.0879066912216
movies	Aug	0.0968692449355
movies	Sept	0.0717004297115
movies	Oct	0.0945365254758
movies	Nov	0.106322897483
movies	Dec	0.166359729896
nba	Jan	0.0465641952984
nba	Feb	0.0429475587703
nba	Mar	0.0393309222423
nba	Apr	0.0872513562387
nba	May	0.145569620253
nba	Jun	0.152802893309
nba	Jul	0.119349005425
nba	Aug	0.0366184448463
nba	Sept	0.0298372513562
nba	Oct	0.0682640144665
nba	Nov	0.108499095841
nba	Dec	0.122965641953
news	Jan	0.040535468535
news	Feb	0.0476667083698
news	Mar	0.0536719629676
news	Apr	0.0841986738396
news	May	0.0740648067059
news	Jun	0.0770674340048
news	Jul	0.0894532716127
news	Aug	0.0960840735644
news	Sept	0.0950831977981
news	Oct	0.0983360440385
news	Nov	0.117853121481
news	Dec	0.125985237082
nfl	Jan	0.120938118112
nfl	Feb	0.0802486578129
nfl	Mar	0.0627295846284
nfl	Apr	0.0353207120656
nfl	May	0.0562305736084
nfl	Jun	0.0364509748517
nfl	Jul	0.0347555806725
nfl	Aug	0.0601864933597
nfl	Sept	0.130262786098
nfl	Oct	0.122633512292
nfl	Nov	0.122633512292
nfl	Dec	0.137609494207
nonononoyes	Jan	0.0421052631579
nonononoyes	Feb	0.0842105263158
nonononoyes	Mar	0.0210526315789
nonononoyes	Apr	0.0736842105263
nonononoyes	May	0.0842105263158
nonononoyes	Jun	0.0526315789474
nonononoyes	Jul	0.105263157895
nonononoyes	Aug	0.0842105263158
nonononoyes	Sept	0.0947368421053
nonononoyes	Oct	0.0631578947368
nonononoyes	Nov	0.2
nonononoyes	Dec	0.0947368421053
nosleep	Jan	0.0238095238095
nosleep	Feb	0.0714285714286
nosleep	Apr	0.0238095238095
nosleep	Jun	0.047619047619
nosleep	Jul	0.357142857143
nosleep	Aug	0.047619047619
nosleep	Sept	0.0714285714286
nosleep	Oct	0.119047619048
nosleep	Nov	0.119047619048
nosleep	Dec	0.119047619048
nottheonion	Jan	0.0465666929755
nottheonion	Feb	0.0473559589582
nottheonion	Mar	0.0615627466456
nottheonion	Apr	0.0489344909234
nottheonion	May	0.0797158642463
nottheonion	Jun	0.121546961326
nottheonion	Jul	0.0852407261247
nottheonion	Aug	0.0923441199684
nottheonion	Sept	0.114443567482
nottheonion	Oct	0.0986582478295
nottheonion	Nov	0.116022099448
nottheonion	Dec	0.0876085240726
nsfw	Jan	0.0606060606061
nsfw	Feb	0.0606060606061
nsfw	Mar	0.212121212121
nsfw	Jun	0.0606060606061
nsfw	Aug	0.151515151515
nsfw	Sept	0.0606060606061
nsfw	Oct	0.0606060606061
nsfw	Nov	0.0909090909091
nsfw	Dec	0.242424242424
oddlysatisfying	Jan	0.0308641975309
oddlysatisfying	Feb	0.0679012345679
oddlysatisfying	Mar	0.0617283950617
oddlysatisfying	Apr	0.037037037037
oddlysatisfying	May	0.0679012345679
oddlysatisfying	Jun	0.0432098765432
oddlysatisfying	Jul	0.0617283950617
oddlysatisfying	Aug	0.0432098765432
oddlysatisfying	Sept	0.0987654320988
oddlysatisfying	Oct	0.111111111111
oddlysatisfying	Nov	0.154320987654
oddlysatisfying	Dec	0.222222222222
offbeat	Jan	0.0731707317073
offbeat	Feb	0.0487804878049
offbeat	Mar	0.0975609756098
offbeat	Apr	0.0975609756098
offbeat	May	0.0487804878049
offbeat	Jun	0.0975609756098
offbeat	Jul	0.0243902439024
offbeat	Aug	0.0731707317073
offbeat	Sept	0.0975609756098
offbeat	Oct	0.121951219512
offbeat	Nov	0.0487804878049
offbeat	Dec	0.170731707317
offmychest	Jan	0.10101010101
offmychest	Feb	0.0505050505051
offmychest	Mar	0.0505050505051
offmychest	Apr	0.111111111111
offmychest	May	0.0909090909091
offmychest	Jun	0.121212121212
offmychest	Jul	0.121212121212
offmychest	Aug	0.131313131313
offmychest	Sept	0.0808080808081
offmychest	Oct	0.030303030303
offmychest	Nov	0.030303030303
offmychest	Dec	0.0808080808081
pcmasterrace	Jan	0.0628019323671
pcmasterrace	Feb	0.0386473429952
pcmasterrace	Mar	0.055900621118
pcmasterrace	Apr	0.105590062112
pcmasterrace	May	0.0745341614907
pcmasterrace	Jun	0.0814354727398
pcmasterrace	Jul	0.0786749482402
pcmasterrace	Aug	0.0793650793651
pcmasterrace	Sept	0.0828157349896
pcmasterrace	Oct	0.100759144237
pcmasterrace	Nov	0.122843340235
pcmasterrace	Dec	0.11663216011
personalfinance	Jan	0.0433526011561
personalfinance	Feb	0.0635838150289
personalfinance	Mar	0.0491329479769
personalfinance	Apr	0.0664739884393
personalfinance	May	0.0867052023121
personalfinance	Jun	0.0722543352601
personalfinance	Jul	0.0780346820809
personalfinance	Aug	0.0982658959538
personalfinance	Sept	0.0953757225434
personalfinance	Oct	0.106936416185
personalfinance	Nov	0.132947976879
personalfinance	Dec	0.106936416185
pettyrevenge	Jan	0.0434782608696
pettyrevenge	Feb	0.054347826087
pettyrevenge	Mar	0.054347826087
pettyrevenge	Apr	0.0326086956522
pettyrevenge	May	0.119565217391
pettyrevenge	Jun	0.0978260869565
pettyrevenge	Jul	0.108695652174
pettyrevenge	Aug	0.0869565217391
pettyrevenge	Sept	0.130434782609
pettyrevenge	Oct	0.0652173913043
pettyrevenge	Nov	0.0760869565217
pettyrevenge	Dec	0.130434782609
photoshopbattles	Jan	0.0798522307474
photoshopbattles	Feb	0.0789997158284
photoshopbattles	Mar	0.0545609548167
photoshopbattles	Apr	0.0755896561523
photoshopbattles	May	0.0710429099176
photoshopbattles	Jun	0.0639386189258
photoshopbattles	Jul	0.0807047456664
photoshopbattles	Aug	0.080136402387
photoshopbattles	Sept	0.0951974992896
photoshopbattles	Oct	0.110826939471
photoshopbattles	Nov	0.104290991759
photoshopbattles	Dec	0.104859335038
pics	Jan	0.0719671990137
pics	Feb	0.0672362875247
pics	Mar	0.0770421767927
pics	Apr	0.0863319666256
pics	May	0.0836367806864
pics	Jun	0.0743756630444
pics	Jul	0.0858732115721
pics	Aug	0.0932706368094
pics	Sept	0.0810562835106
pics	Oct	0.0887117584655
pics	Nov	0.0887404306563
pics	Dec	0.101757605299
pokemon	Jan	0.105485232068
pokemon	Feb	0.0801687763713
pokemon	Mar	0.0928270042194
pokemon	Apr	0.0759493670886
pokemon	May	0.0675105485232
pokemon	Jun	0.0295358649789
pokemon	Jul	0.0590717299578
pokemon	Aug	0.0675105485232
pokemon	Sept	0.10970464135
pokemon	Oct	0.10970464135
pokemon	Nov	0.118143459916
pokemon	Dec	0.084388185654
polandball	Jan	0.0232558139535
polandball	Feb	0.0697674418605
polandball	Mar	0.0813953488372
polandball	Apr	0.0232558139535
polandball	May	0.0348837209302
polandball	Jun	0.046511627907
polandball	Jul	0.174418604651
polandball	Aug	0.104651162791
polandball	Sept	0.0232558139535
polandball	Oct	0.220930232558
polandball	Nov	0.162790697674
polandball	Dec	0.0348837209302
politics	Jan	0.0613004869665
politics	Feb	0.0518476081352
politics	Mar	0.0698940131767
politics	Apr	0.067888857061
politics	May	0.0664566026926
politics	Jun	0.0698940131767
politics	Jul	0.0822114007448
politics	Aug	0.0916642795761
politics	Sept	0.0859352621025
politics	Oct	0.122600973933
politics	Nov	0.129189344027
politics	Dec	0.101117158407
programming	Jan	0.112903225806
programming	Feb	0.0322580645161
programming	Mar	0.0161290322581
programming	Apr	0.0967741935484
programming	May	0.0806451612903
programming	Jun	0.0483870967742
programming	Jul	0.0967741935484
programming	Aug	0.0967741935484
programming	Sept	0.0806451612903
programming	Oct	0.0645161290323
programming	Nov	0.129032258065
programming	Dec	0.145161290323
quityourbullshit	Jan	0.0337837837838
quityourbullshit	Feb	0.027027027027
quityourbullshit	Mar	0.027027027027
quityourbullshit	Apr	0.0878378378378
quityourbullshit	May	0.0405405405405
quityourbullshit	Jun	0.168918918919
quityourbullshit	Jul	0.114864864865
quityourbullshit	Aug	0.0608108108108
quityourbullshit	Sept	0.0878378378378
quityourbullshit	Oct	0.0945945945946
quityourbullshit	Nov	0.128378378378
quityourbullshit	Dec	0.128378378378
rage	Jan	0.0588235294118
rage	Feb	0.0705882352941
rage	Mar	0.0823529411765
rage	Apr	0.105882352941
rage	May	0.0823529411765
rage	Jun	0.0588235294118
rage	Jul	0.105882352941
rage	Aug	0.105882352941
rage	Sept	0.0352941176471
rage	Oct	0.141176470588
rage	Nov	0.105882352941
rage	Dec	0.0470588235294
reactiongifs	Jan	0.0579710144928
reactiongifs	Feb	0.0745341614907
reactiongifs	Mar	0.0393374741201
reactiongifs	Apr	0.0703933747412
reactiongifs	May	0.055900621118
reactiongifs	Jun	0.0579710144928
reactiongifs	Jul	0.0683229813665
reactiongifs	Aug	0.0600414078675
reactiongifs	Sept	0.134575569358
reactiongifs	Oct	0.124223602484
reactiongifs	Nov	0.105590062112
reactiongifs	Dec	0.151138716356
reddit.com	Jan	0.0653753026634
reddit.com	Feb	0.0617433414044
reddit.com	Mar	0.0326876513317
reddit.com	Apr	0.0617433414044
reddit.com	May	0.0786924939467
reddit.com	Jun	0.0774818401937
reddit.com	Jul	0.0859564164649
reddit.com	Aug	0.128329297821
reddit.com	Sept	0.17191283293
reddit.com	Oct	0.140435835351
reddit.com	Nov	0.0242130750605
reddit.com	Dec	0.0714285714286
relationships	Jan	0.0289855072464
relationships	Feb	0.0352657004831
relationships	Mar	0.0400966183575
relationships	Apr	0.0526570048309
relationships	May	0.0444444444444
relationships	Jun	0.056038647343
relationships	Jul	0.087922705314
relationships	Aug	0.0937198067633
relationships	Sept	0.132850241546
relationships	Oct	0.127053140097
relationships	Nov	0.146376811594
relationships	Dec	0.154589371981
rickandmorty	Apr	0.00591715976331
rickandmorty	Aug	0.325443786982
rickandmorty	Sept	0.207100591716
rickandmorty	Oct	0.372781065089
rickandmorty	Nov	0.0473372781065
rickandmorty	Dec	0.0414201183432
roosterteeth	Jan	0.0533333333333
roosterteeth	Feb	0.0666666666667
roosterteeth	Mar	0.0133333333333
roosterteeth	Apr	0.16
roosterteeth	May	0.0533333333333
roosterteeth	Jun	0.0133333333333
roosterteeth	Jul	0.0533333333333
roosterteeth	Aug	0.346666666667
roosterteeth	Sept	0.04
roosterteeth	Oct	0.0666666666667
roosterteeth	Nov	0.04
roosterteeth	Dec	0.0933333333333
science	Jan	0.0604026845638
science	Feb	0.0596569724087
science	Mar	0.10067114094
science	Apr	0.0730797912006
science	May	0.0753169276659
science	Jun	0.0715883668904
science	Jul	0.0879940343028
science	Aug	0.0745712155108
science	Sept	0.0961968680089
science	Oct	0.102908277405
science	Nov	0.0947054436987
science	Dec	0.102908277405
self	Jan	0.0288461538462
self	Feb	0.0384615384615
self	Mar	0.0288461538462
self	Apr	0.125
self	May	0.0576923076923
self	Jun	0.00961538461538
self	Jul	0.538461538462
self	Aug	0.0192307692308
self	Sept	0.0769230769231
self	Oct	0.0480769230769
self	Dec	0.0288461538462
sex	Jan	0.0921273031826
sex	Feb	0.0837520938023
sex	Mar	0.0670016750419
sex	Apr	0.0804020100503
sex	May	0.0586264656616
sex	Jun	0.0653266331658
sex	Jul	0.0837520938023
sex	Aug	0.0921273031826
sex	Sept	0.0820770519263
sex	Oct	0.0887772194305
sex	Nov	0.102177554439
sex	Dec	0.103852596315
shittyaskscience	Jan	0.00671140939597
shittyaskscience	Feb	0.0402684563758
shittyaskscience	Mar	0.0872483221477
shittyaskscience	Apr	0.0805369127517
shittyaskscience	May	0.10067114094
shittyaskscience	Jun	0.0671140939597
shittyaskscience	Jul	0.0939597315436
shittyaskscience	Aug	0.120805369128
shittyaskscience	Sept	0.0872483221477
shittyaskscience	Oct	0.147651006711
shittyaskscience	Nov	0.0604026845638
shittyaskscience	Dec	0.107382550336
skyrim	Jan	0.0672268907563
skyrim	Feb	0.0588235294118
skyrim	Mar	0.0504201680672
skyrim	Apr	0.0756302521008
skyrim	May	0.168067226891
skyrim	Jun	0.0252100840336
skyrim	Jul	0.0756302521008
skyrim	Aug	0.0924369747899
skyrim	Sept	0.117647058824
skyrim	Oct	0.0336134453782
skyrim	Nov	0.126050420168
skyrim	Dec	0.109243697479
smashbros	Jan	0.0225225225225
smashbros	Feb	0.0495495495495
smashbros	Mar	0.0405405405405
smashbros	Apr	0.0855855855856
smashbros	May	0.0315315315315
smashbros	Jun	0.0630630630631
smashbros	Jul	0.157657657658
smashbros	Aug	0.045045045045
smashbros	Sept	0.0900900900901
smashbros	Oct	0.126126126126
smashbros	Nov	0.144144144144
smashbros	Dec	0.144144144144
soccer	Jan	0.0366748166259
soccer	Feb	0.0252648736756
soccer	Mar	0.0651996740016
soccer	Apr	0.0541972290139
soccer	May	0.0912795436023
soccer	Jun	0.176446617767
soccer	Jul	0.154849225754
soccer	Aug	0.0778321108394
soccer	Sept	0.0774246128769
soccer	Oct	0.0770171149144
soccer	Nov	0.0741646291769
soccer	Dec	0.0896495517522
space	Jan	0.0361010830325
space	Feb	0.0397111913357
space	Mar	0.0505415162455
space	Apr	0.0613718411552
space	May	0.0505415162455
space	Jun	0.0541516245487
space	Jul	0.137184115523
space	Aug	0.0685920577617
space	Sept	0.166064981949
space	Oct	0.111913357401
space	Nov	0.0794223826715
space	Dec	0.14440433213
sports	Jan	0.0450819672131
sports	Feb	0.0430327868852
sports	Mar	0.0204918032787
sports	Apr	0.030737704918
sports	May	0.0758196721311
sports	Jun	0.0901639344262
sports	Jul	0.0860655737705
sports	Aug	0.110655737705
sports	Sept	0.100409836066
sports	Oct	0.129098360656
sports	Nov	0.133196721311
sports	Dec	0.135245901639
starcraft	Jan	0.123076923077
starcraft	Feb	0.0461538461538
starcraft	Mar	0.0769230769231
starcraft	Apr	0.0615384615385
starcraft	May	0.153846153846
starcraft	Jun	0.0615384615385
starcraft	Jul	0.0769230769231
starcraft	Aug	0.0461538461538
starcraft	Sept	0.0923076923077
starcraft	Oct	0.0769230769231
starcraft	Nov	0.0923076923077
starcraft	Dec	0.0923076923077
startrek	Feb	0.422222222222
startrek	Mar	0.0444444444444
startrek	Apr	0.0222222222222
startrek	Jul	0.111111111111
startrek	Oct	0.0444444444444
startrek	Nov	0.311111111111
startrek	Dec	0.0444444444444
talesfromtechsupport	Jan	0.0523255813953
talesfromtechsupport	Feb	0.0290697674419
talesfromtechsupport	Mar	0.0406976744186
talesfromtechsupport	Apr	0.0813953488372
talesfromtechsupport	May	0.0639534883721
talesfromtechsupport	Jun	0.0697674418605
talesfromtechsupport	Jul	0.197674418605
talesfromtechsupport	Aug	0.093023255814
talesfromtechsupport	Sept	0.0581395348837
talesfromtechsupport	Oct	0.110465116279
talesfromtechsupport	Nov	0.093023255814
talesfromtechsupport	Dec	0.110465116279
technology	Jan	0.0744219653179
technology	Feb	0.0662933526012
technology	Mar	0.0742413294798
technology	Apr	0.0679190751445
technology	May	0.0722543352601
technology	Jun	0.0776734104046
technology	Jul	0.105310693642
technology	Aug	0.0892341040462
technology	Sept	0.084176300578
technology	Oct	0.090137283237
technology	Nov	0.0903179190751
technology	Dec	0.108020231214
television	Jan	0.0356744704571
television	Feb	0.0713489409142
television	Mar	0.0490523968785
television	Apr	0.066889632107
television	May	0.0802675585284
television	Jun	0.0914158305463
television	Jul	0.0646599777035
television	Aug	0.0713489409142
television	Sept	0.118171683389
television	Oct	0.0758082497213
television	Nov	0.121516164994
television	Dec	0.153846153846
tf2	Feb	0.0333333333333
tf2	Mar	0.0666666666667
tf2	Apr	0.1
tf2	Jun	0.433333333333
tf2	Jul	0.133333333333
tf2	Aug	0.0333333333333
tf2	Sept	0.0666666666667
tf2	Nov	0.0333333333333
tf2	Dec	0.1
thatHappened	Jan	0.0539568345324
thatHappened	Feb	0.0467625899281
thatHappened	Mar	0.0755395683453
thatHappened	Apr	0.0539568345324
thatHappened	May	0.0647482014388
thatHappened	Jun	0.0575539568345
thatHappened	Jul	0.0863309352518
thatHappened	Aug	0.10071942446
thatHappened	Sept	0.111510791367
thatHappened	Oct	0.104316546763
thatHappened	Nov	0.115107913669
thatHappened	Dec	0.129496402878
thebutton	Apr	0.761904761905
thebutton	May	0.14880952381
thebutton	Jun	0.0892857142857
thewalkingdead	Feb	0.130620985011
thewalkingdead	Mar	0.285867237687
thewalkingdead	Apr	0.024625267666
thewalkingdead	Jun	0.00107066381156
thewalkingdead	Aug	0.00856531049251
thewalkingdead	Sept	0.00107066381156
thewalkingdead	Oct	0.231263383298
thewalkingdead	Nov	0.241970021413
thewalkingdead	Dec	0.0749464668094
tifu	Jan	0.101711026616
tifu	Feb	0.0503802281369
tifu	Mar	0.0560836501901
tifu	Apr	0.0605988593156
tifu	May	0.0739068441065
tifu	Jun	0.071530418251
tifu	Jul	0.0791349809886
tifu	Aug	0.100760456274
tifu	Sept	0.0990969581749
tifu	Oct	0.109077946768
tifu	Nov	0.0922053231939
tifu	Dec	0.105513307985
todayilearned	Jan	0.0690885501135
todayilearned	Feb	0.0541680181641
todayilearned	Mar	0.0733052221862
todayilearned	Apr	0.0723321440156
todayilearned	May	0.0801816412585
todayilearned	Jun	0.0725916315277
todayilearned	Jul	0.0929614012326
todayilearned	Aug	0.0911449886474
todayilearned	Sept	0.0946480700616
todayilearned	Oct	0.093674991891
todayilearned	Nov	0.0975673045735
todayilearned	Dec	0.108336036328
trashy	Jan	0.04
trashy	Feb	0.06
trashy	Mar	0.03
trashy	Apr	0.09
trashy	May	0.02
trashy	Jun	0.09
trashy	Jul	0.07
trashy	Aug	0.13
trashy	Sept	0.04
trashy	Oct	0.16
trashy	Nov	0.16
trashy	Dec	0.11
trees	Jan	0.0840248962656
trees	Feb	0.0684647302905
trees	Mar	0.0767634854772
trees	Apr	0.0829875518672
trees	May	0.0643153526971
trees	Jun	0.0570539419087
trees	Jul	0.0736514522822
trees	Aug	0.0829875518672
trees	Sept	0.0674273858921
trees	Oct	0.100622406639
trees	Nov	0.130705394191
trees	Dec	0.110995850622
twitchplayspokemon	Feb	0.69387755102
twitchplayspokemon	Mar	0.30612244898
unitedkingdom	Feb	0.0571428571429
unitedkingdom	Mar	0.0285714285714
unitedkingdom	Apr	0.0285714285714
unitedkingdom	May	0.114285714286
unitedkingdom	Jun	0.114285714286
unitedkingdom	Jul	0.228571428571
unitedkingdom	Aug	0.0857142857143
unitedkingdom	Sept	0.142857142857
unitedkingdom	Oct	0.0857142857143
unitedkingdom	Nov	0.0285714285714
unitedkingdom	Dec	0.0857142857143
videos	Jan	0.0663726571114
videos	Feb	0.06269753767
videos	Mar	0.0720323410511
videos	Apr	0.082947445792
videos	May	0.0755604557148
videos	Jun	0.0771407570746
videos	Jul	0.0902609334803
videos	Aug	0.0916207276736
videos	Sept	0.0856670341786
videos	Oct	0.0872840867328
videos	Nov	0.11032708563
videos	Dec	0.0980889378905
whatisthisthing	Jan	0.0178571428571
whatisthisthing	Mar	0.107142857143
whatisthisthing	Apr	0.303571428571
whatisthisthing	May	0.0892857142857
whatisthisthing	Jun	0.0178571428571
whatisthisthing	Jul	0.0892857142857
whatisthisthing	Aug	0.0178571428571
whatisthisthing	Sept	0.0714285714286
whatisthisthing	Oct	0.0357142857143
whatisthisthing	Nov	0.142857142857
whatisthisthing	Dec	0.107142857143
wheredidthesodago	Jan	0.1
wheredidthesodago	Feb	0.04
wheredidthesodago	Mar	0.08
wheredidthesodago	Apr	0.06
wheredidthesodago	May	0.04
wheredidthesodago	Jun	0.1
wheredidthesodago	Jul	0.02
wheredidthesodago	Aug	0.02
wheredidthesodago	Sept	0.1
wheredidthesodago	Oct	0.24
wheredidthesodago	Nov	0.08
wheredidthesodago	Dec	0.12
woahdude	Jan	0.0286576168929
woahdude	Feb	0.105580693816
woahdude	Mar	0.0603318250377
woahdude	Apr	0.0935143288084
woahdude	May	0.0965309200603
woahdude	Jun	0.0618401206637
woahdude	Jul	0.0935143288084
woahdude	Aug	0.0603318250377
woahdude	Sept	0.0754147812971
woahdude	Oct	0.116138763198
woahdude	Nov	0.125188536953
woahdude	Dec	0.0829562594268
worldnews	Jan	0.0623554603854
worldnews	Feb	0.0525053533191
worldnews	Mar	0.0816274089936
worldnews	Apr	0.0770021413276
worldnews	May	0.0625267665953
worldnews	Jun	0.0645824411135
worldnews	Jul	0.09147751606
worldnews	Aug	0.092591006424
worldnews	Sept	0.099443254818
worldnews	Oct	0.0883940042827
worldnews	Nov	0.118543897216
worldnews	Dec	0.108950749465
wow	Jan	0.1125
wow	Feb	0.025
wow	Mar	0.0375
wow	Apr	0.0125
wow	May	0.025
wow	Jun	0.0125
wow	Jul	0.075
wow	Aug	0.15
wow	Sept	0.125
wow	Oct	0.0875
wow	Nov	0.25
wow	Dec	0.0875
youdontsurf	Jan	0.0645161290323
youdontsurf	Feb	0.0322580645161
youdontsurf	Apr	0.129032258065
youdontsurf	Jul	0.0645161290323
youdontsurf	Aug	0.0967741935484
youdontsurf	Sept	0.290322580645
youdontsurf	Oct	0.129032258065
youdontsurf	Nov	0.161290322581
youdontsurf	Dec	0.0322580645161
youtubehaiku	Feb	0.111111111111
youtubehaiku	Mar	0.0555555555556
youtubehaiku	Apr	0.111111111111
youtubehaiku	May	0.0833333333333
youtubehaiku	Jun	0.111111111111
youtubehaiku	Jul	0.0277777777778
youtubehaiku	Aug	0.0277777777778
youtubehaiku	Sept	0.0277777777778
youtubehaiku	Oct	0.166666666667
youtubehaiku	Nov	0.194444444444
youtubehaiku	Dec	0.0833333333333
